-- MySQL dump 10.13  Distrib 5.7.12, for Win64 (x86_64)
--
-- Host: 52.62.184.91    Database: hh_guts_public
-- ------------------------------------------------------
-- Server version	5.5.52-0ubuntu0.14.04.1

/*!40101 SET @OLD_CHARACTER_SET_CLIENT=@@CHARACTER_SET_CLIENT */;
/*!40101 SET @OLD_CHARACTER_SET_RESULTS=@@CHARACTER_SET_RESULTS */;
/*!40101 SET @OLD_COLLATION_CONNECTION=@@COLLATION_CONNECTION */;
/*!40101 SET NAMES utf8 */;
/*!40103 SET @OLD_TIME_ZONE=@@TIME_ZONE */;
/*!40103 SET TIME_ZONE='+00:00' */;
/*!40014 SET @OLD_UNIQUE_CHECKS=@@UNIQUE_CHECKS, UNIQUE_CHECKS=0 */;
/*!40014 SET @OLD_FOREIGN_KEY_CHECKS=@@FOREIGN_KEY_CHECKS, FOREIGN_KEY_CHECKS=0 */;
/*!40101 SET @OLD_SQL_MODE=@@SQL_MODE, SQL_MODE='NO_AUTO_VALUE_ON_ZERO' */;
/*!40111 SET @OLD_SQL_NOTES=@@SQL_NOTES, SQL_NOTES=0 */;

--
-- Dumping data for table `tfbactivities`
--

LOCK TABLES `tfbactivities` WRITE;
/*!40000 ALTER TABLE `tfbactivities` DISABLE KEYS */;
INSERT INTO `tfbactivities` VALUES ('C0077','2016-07-15 00:00:00',1997,8738,5.88,32,740,297,0,0,910),('C0077','2016-07-16 00:00:00',2010,8268,5.56,13,692,259,6,5,890),('C0077','2016-07-17 00:00:00',1769,5623,3.78,7,744,212,0,0,620),('C0077','2016-07-18 00:00:00',1871,7833,5.27,40,744,220,0,0,721),('C0077','2016-07-19 00:00:00',2394,17054,11.48,39,691,173,36,99,1323),('C0077','2016-07-20 00:00:00',2160,10145,6.83,30,668,299,29,13,1107),('C0077','2016-07-21 00:00:00',2578,18857,12.69,50,574,344,36,50,1608),('C0077','2016-07-22 00:00:00',2658,13994,9.42,14,566,403,52,20,1704),('C0077','2016-07-23 00:00:00',2879,18551,12.49,62,391,470,61,37,2014),('C0077','2016-07-24 00:00:00',2175,11597,7.8,26,565,290,44,4,1147),('C0077','2016-07-25 00:00:00',2378,13921,9.37,47,593,433,0,0,1414),('C0077','2016-07-26 00:00:00',2324,15793,10.63,31,624,314,32,33,1324),('C0077','2016-07-27 00:00:00',1730,5200,3.5,15,777,189,0,0,560),('C0077','2016-07-28 00:00:00',2376,17035,11.46,46,559,338,20,29,1380),('C0077','2016-07-29 00:00:00',2378,15251,10.26,45,714,232,48,55,1334),('C0077','2016-07-30 00:00:00',1936,6445,4.34,14,739,215,13,10,798),('C0077','2016-07-31 00:00:00',1646,3614,2.43,14,654,141,0,0,433),('C0077','2016-08-01 00:00:00',2295,10208,6.87,40,636,241,52,26,1226),('C0077','2016-08-02 00:00:00',2389,14012,10.54,29,653,204,26,68,1299),('C0077','2016-08-03 00:00:00',2496,13181,8.98,43,542,351,46,14,1516),('C0077','2016-08-04 00:00:00',2498,13536,9.11,56,475,422,46,10,1579),('C0077','2016-08-05 00:00:00',2457,13450,9.05,88,655,352,45,25,1483),('C0077','2016-08-06 00:00:00',1892,6036,4.06,10,824,236,0,0,743),('C0077','2016-08-07 00:00:00',1851,4849,3.26,5,613,222,9,0,701),('C0077','2016-08-08 00:00:00',2175,9981,6.72,36,667,283,25,19,1121),('C0077','2016-08-09 00:00:00',2397,16812,12.2,49,666,201,41,66,1315),('C0077','2016-08-10 00:00:00',1943,8092,5.45,50,661,229,20,1,828),('C0077','2016-08-11 00:00:00',2355,12643,8.51,41,627,332,50,3,1343),('C0077','2016-08-12 00:00:00',2008,8008,5.39,29,695,272,11,1,921),('C0077','2016-08-13 00:00:00',1909,4716,3.17,22,652,270,0,0,785),('C0077','2016-08-14 00:00:00',1939,6911,4.65,21,645,205,33,2,814),('C0090','2016-07-16 00:00:00',1997,8738,5.88,32,740,297,0,0,910),('C0090','2016-07-17 00:00:00',2010,8268,5.56,13,692,259,6,5,890),('C0090','2016-07-18 00:00:00',1769,5623,3.78,7,744,212,0,0,620),('C0090','2016-07-19 00:00:00',1871,7833,5.27,40,744,220,0,0,721),('C0090','2016-07-20 00:00:00',2394,17054,11.48,39,691,173,36,99,1323),('C0090','2016-07-21 00:00:00',2160,10145,6.83,30,668,299,29,13,1107),('C0090','2016-07-22 00:00:00',2578,18857,12.69,50,574,344,36,50,1608),('C0090','2016-07-23 00:00:00',2658,13994,9.42,14,566,403,52,20,1704),('C0090','2016-07-24 00:00:00',2879,18551,12.49,62,391,470,61,37,2014),('C0090','2016-07-25 00:00:00',2175,11597,7.8,26,565,290,44,4,1147),('C0090','2016-07-26 00:00:00',2378,13921,9.37,47,593,433,0,0,1414),('C0090','2016-07-27 00:00:00',2324,15793,10.63,31,624,314,32,33,1324),('C0090','2016-07-28 00:00:00',1730,5200,3.5,15,777,189,0,0,560),('C0090','2016-07-29 00:00:00',2376,17035,11.46,46,559,338,20,29,1380),('C0090','2016-07-30 00:00:00',2378,15251,10.26,45,714,232,48,55,1334),('C0090','2016-07-31 00:00:00',1936,6445,4.34,14,739,215,13,10,798),('C0090','2016-08-01 00:00:00',1646,3614,2.43,14,654,141,0,0,433),('C0090','2016-08-02 00:00:00',2295,10208,6.87,40,636,241,52,26,1226),('C0090','2016-08-03 00:00:00',2389,14012,10.54,29,653,204,26,68,1299),('C0090','2016-08-04 00:00:00',2496,13181,8.98,43,542,351,46,14,1516),('C0090','2016-08-05 00:00:00',2498,13536,9.11,56,475,422,46,10,1579),('C0090','2016-08-06 00:00:00',2457,13450,9.05,88,655,352,45,25,1483),('C0090','2016-08-07 00:00:00',1892,6036,4.06,10,824,236,0,0,743),('C0090','2016-08-08 00:00:00',1851,4849,3.26,5,613,222,9,0,701),('C0090','2016-08-09 00:00:00',2175,9981,6.72,36,667,283,25,19,1121),('C0090','2016-08-10 00:00:00',2397,16812,12.2,49,666,201,41,66,1315),('C0090','2016-08-11 00:00:00',1943,8092,5.45,50,661,229,20,1,828),('C0090','2016-08-12 00:00:00',2355,12643,8.51,41,627,332,50,3,1343),('C0090','2016-08-13 00:00:00',2008,8008,5.39,29,695,272,11,1,921),('C0090','2016-08-14 00:00:00',1909,4716,3.17,22,652,270,0,0,785),('C0090','2016-08-15 00:00:00',1939,6911,4.65,21,645,205,33,2,814),('S0039','2016-07-16 00:00:00',1769,5623,3.78,7,744,212,0,0,620),('S0039','2016-07-17 00:00:00',1871,7833,5.27,40,744,220,0,0,721),('S0039','2016-07-18 00:00:00',2394,17054,11.48,39,691,173,36,99,1323),('S0039','2016-07-19 00:00:00',2160,10145,6.83,30,668,299,29,13,1107),('S0039','2016-07-20 00:00:00',2578,18857,12.69,50,574,344,36,50,1608),('S0039','2016-07-21 00:00:00',2658,13994,9.42,14,566,403,52,20,1704),('S0039','2016-07-22 00:00:00',2879,18551,12.49,62,391,470,61,37,2014),('S0039','2016-07-23 00:00:00',2175,11597,7.8,26,565,290,44,4,1147),('S0039','2016-07-24 00:00:00',2378,13921,9.37,47,593,433,0,0,1414),('S0039','2016-07-25 00:00:00',2324,15793,10.63,31,624,314,32,33,1324),('S0039','2016-07-26 00:00:00',1730,5200,3.5,15,777,189,0,0,560),('S0039','2016-07-27 00:00:00',2376,17035,11.46,46,559,338,20,29,1380),('S0039','2016-07-28 00:00:00',2378,15251,10.26,45,714,232,48,55,1334),('S0039','2016-07-29 00:00:00',1936,6445,4.34,14,739,215,13,10,798),('S0039','2016-07-30 00:00:00',1646,3614,2.43,14,654,141,0,0,433),('S0039','2016-07-31 00:00:00',2295,10208,6.87,40,636,241,52,26,1226),('S0039','2016-08-01 00:00:00',2389,14012,10.54,29,653,204,26,68,1299),('S0039','2016-08-02 00:00:00',2496,13181,8.98,43,542,351,46,14,1516),('S0039','2016-08-03 00:00:00',2498,13536,9.11,56,475,422,46,10,1579),('S0039','2016-08-04 00:00:00',2457,13450,9.05,88,655,352,45,25,1483),('S0039','2016-08-05 00:00:00',1892,6036,4.06,10,824,236,0,0,743),('S0039','2016-08-06 00:00:00',1851,4849,3.26,5,613,222,9,0,701),('S0039','2016-08-07 00:00:00',2175,9981,6.72,36,667,283,25,19,1121),('S0039','2016-08-08 00:00:00',2397,16812,12.2,49,666,201,41,66,1315),('S0039','2016-08-09 00:00:00',1943,8092,5.45,50,661,229,20,1,828),('S0039','2016-08-10 00:00:00',2355,12643,8.51,41,627,332,50,3,1343),('S0039','2016-08-11 00:00:00',2008,8008,5.39,29,695,272,11,1,921),('S0039','2016-08-12 00:00:00',1909,4716,3.17,22,652,270,0,0,785),('S0039','2016-08-13 00:00:00',1939,6911,4.65,21,645,205,33,2,814),('S0039','2016-08-14 00:00:00',1997,8738,5.88,32,740,297,0,0,910),('S0039','2016-08-15 00:00:00',2010,8268,5.56,13,692,259,6,5,890),('S0047','2016-07-15 00:00:00',1936,6445,4.34,14,739,215,13,10,798),('S0047','2016-07-16 00:00:00',1646,3614,2.43,14,654,141,0,0,433),('S0047','2016-07-17 00:00:00',2295,10208,6.87,40,636,241,52,26,1226),('S0047','2016-07-18 00:00:00',2389,14012,10.54,29,653,204,26,68,1299),('S0047','2016-07-19 00:00:00',2496,13181,8.98,43,542,351,46,14,1516),('S0047','2016-07-20 00:00:00',2498,13536,9.11,56,475,422,46,10,1579),('S0047','2016-07-21 00:00:00',2457,13450,9.05,88,655,352,45,25,1483),('S0047','2016-07-22 00:00:00',1892,6036,4.06,10,824,236,0,0,743),('S0047','2016-07-23 00:00:00',1851,4849,3.26,5,613,222,9,0,701),('S0047','2016-07-24 00:00:00',2175,9981,6.72,36,667,283,25,19,1121),('S0047','2016-07-25 00:00:00',2397,16812,12.2,49,666,201,41,66,1315),('S0047','2016-07-26 00:00:00',1943,8092,5.45,50,661,229,20,1,828),('S0047','2016-07-27 00:00:00',2355,12643,8.51,41,627,332,50,3,1343),('S0047','2016-07-28 00:00:00',2008,8008,5.39,29,695,272,11,1,921),('S0047','2016-07-29 00:00:00',1909,4716,3.17,22,652,270,0,0,785),('S0047','2016-07-30 00:00:00',1939,6911,4.65,21,645,205,33,2,814),('S0047','2016-07-31 00:00:00',1997,8738,5.88,32,740,297,0,0,910),('S0047','2016-08-01 00:00:00',2010,8268,5.56,13,692,259,6,5,890),('S0047','2016-08-02 00:00:00',1769,5623,3.78,7,744,212,0,0,620),('S0047','2016-08-03 00:00:00',1871,7833,5.27,40,744,220,0,0,721),('S0047','2016-08-04 00:00:00',2394,17054,11.48,39,691,173,36,99,1323),('S0047','2016-08-05 00:00:00',2160,10145,6.83,30,668,299,29,13,1107),('S0047','2016-08-06 00:00:00',2578,18857,12.69,50,574,344,36,50,1608),('S0047','2016-08-07 00:00:00',2658,13994,9.42,14,566,403,52,20,1704),('S0047','2016-08-08 00:00:00',2879,18551,12.49,62,391,470,61,37,2014),('S0047','2016-08-09 00:00:00',2175,11597,7.8,26,565,290,44,4,1147),('S0047','2016-08-10 00:00:00',2378,13921,9.37,47,593,433,0,0,1414),('S0047','2016-08-11 00:00:00',2324,15793,10.63,31,624,314,32,33,1324),('S0047','2016-08-12 00:00:00',1730,5200,3.5,15,777,189,0,0,560),('S0047','2016-08-13 00:00:00',2376,17035,11.46,46,559,338,20,29,1380),('S0047','2016-08-14 00:00:00',2378,15251,10.26,45,714,232,48,55,1334);
/*!40000 ALTER TABLE `tfbactivities` ENABLE KEYS */;
UNLOCK TABLES;

--
-- Dumping data for table `tfsleep`
--

LOCK TABLES `tfsleep` WRITE;
/*!40000 ALTER TABLE `tfsleep` DISABLE KEYS */;
INSERT INTO `tfsleep` VALUES ('C0077','2015-12-14 00:00:00',280,161,0,466),('C0077','2015-12-15 00:00:00',252,193,1,445),('C0077','2015-12-16 00:00:00',310,153,0,470),('C0077','2015-12-17 00:00:00',292,154,1,446),('C0077','2015-12-18 00:00:00',266,186,1,464),('C0077','2015-12-19 00:00:00',254,172,0,445),('C0077','2015-12-20 00:00:00',316,77,1,418),('C0077','2015-12-21 00:00:00',334,110,0,457),('C0077','2015-12-22 00:00:00',267,150,1,417),('C0077','2015-12-23 00:00:00',426,116,0,542),('C0077','2015-12-24 00:00:00',297,142,2,456),('C0077','2015-12-25 00:00:00',299,115,0,415),('C0077','2015-12-26 00:00:00',264,157,1,427),('C0077','2015-12-27 00:00:00',305,172,2,491),('C0077','2015-12-28 00:00:00',337,142,1,485),('C0077','2015-12-29 00:00:00',252,184,2,436),('C0077','2015-12-30 00:00:00',413,143,1,563),('C0077','2015-12-31 00:00:00',213,287,2,500),('C0077','2016-01-01 00:00:00',277,190,2,483),('C0077','2016-01-02 00:00:00',284,202,2,495),('C0077','2016-01-03 00:00:00',324,158,1,482),('C0077','2016-01-04 00:00:00',249,133,3,382),('C0077','2016-01-05 00:00:00',263,180,2,473),('C0077','2016-01-06 00:00:00',405,103,1,508),('C0077','2016-01-07 00:00:00',228,224,3,452),('C0077','2016-01-08 00:00:00',272,181,0,453),('C0077','2016-01-09 00:00:00',344,166,4,517),('C0077','2016-01-10 00:00:00',266,195,1,471),('C0077','2016-01-11 00:00:00',248,136,0,395),('C0077','2016-01-12 00:00:00',350,162,1,512),('C0077','2016-01-13 00:00:00',286,311,4,597),('C0077','2016-01-14 00:00:00',337,142,1,485),('C0077','2016-01-15 00:00:00',252,184,2,436),('C0077','2016-01-16 00:00:00',413,143,1,563),('C0077','2016-01-17 00:00:00',213,287,2,500),('C0077','2016-01-18 00:00:00',277,190,2,483),('C0077','2016-01-19 00:00:00',284,202,2,495),('C0077','2016-01-20 00:00:00',324,158,1,482),('C0077','2016-01-21 00:00:00',249,133,3,382),('C0077','2016-01-22 00:00:00',263,180,2,473),('C0077','2016-01-23 00:00:00',405,103,1,508),('C0077','2016-01-24 00:00:00',228,224,3,452),('C0077','2016-01-25 00:00:00',272,181,0,453),('C0077','2016-01-26 00:00:00',344,166,4,517),('C0077','2016-01-27 00:00:00',266,195,1,471),('C0077','2016-01-28 00:00:00',248,136,0,395),('C0077','2016-01-29 00:00:00',350,162,1,512),('C0077','2016-01-30 00:00:00',286,311,4,597),('C0077','2016-01-31 00:00:00',280,161,0,466),('C0077','2016-02-01 00:00:00',252,193,1,445),('C0077','2016-02-02 00:00:00',310,153,0,470),('C0077','2016-02-03 00:00:00',292,154,1,446),('C0077','2016-02-04 00:00:00',266,186,1,464),('C0077','2016-02-05 00:00:00',254,172,0,445),('C0077','2016-02-06 00:00:00',316,77,1,418),('C0077','2016-02-07 00:00:00',334,110,0,457),('C0077','2016-02-08 00:00:00',267,150,1,417),('C0077','2016-02-09 00:00:00',426,116,0,542),('C0077','2016-02-10 00:00:00',297,142,2,456),('C0077','2016-02-11 00:00:00',299,115,0,415),('C0077','2016-02-12 00:00:00',264,157,1,427),('C0077','2016-02-13 00:00:00',305,172,2,491),('C0077','2016-02-14 00:00:00',280,161,0,466),('C0077','2016-02-15 00:00:00',252,193,1,445),('C0077','2016-02-16 00:00:00',310,153,0,470),('C0077','2016-02-17 00:00:00',292,154,1,446),('C0077','2016-02-18 00:00:00',266,186,1,464),('C0077','2016-02-19 00:00:00',254,172,0,445),('C0077','2016-02-20 00:00:00',316,77,1,418),('C0077','2016-02-21 00:00:00',334,110,0,457),('C0077','2016-02-22 00:00:00',267,150,1,417),('C0077','2016-02-23 00:00:00',426,116,0,542),('C0077','2016-02-24 00:00:00',297,142,2,456),('C0077','2016-02-25 00:00:00',299,115,0,415),('C0077','2016-02-26 00:00:00',264,157,1,427),('C0077','2016-02-27 00:00:00',305,172,2,491),('C0077','2016-02-28 00:00:00',337,142,1,485),('C0077','2016-02-29 00:00:00',252,184,2,436),('C0077','2016-03-01 00:00:00',413,143,1,563),('C0077','2016-03-02 00:00:00',213,287,2,500),('C0077','2016-03-03 00:00:00',277,190,2,483),('C0077','2016-03-04 00:00:00',284,202,2,495),('C0077','2016-03-05 00:00:00',324,158,1,482),('C0077','2016-03-06 00:00:00',249,133,3,382),('C0077','2016-03-07 00:00:00',263,180,2,473),('C0077','2016-03-08 00:00:00',405,103,1,508),('C0077','2016-03-09 00:00:00',228,224,3,452),('C0077','2016-03-10 00:00:00',272,181,0,453),('C0077','2016-03-11 00:00:00',344,166,4,517),('C0077','2016-03-12 00:00:00',266,195,1,471),('C0077','2016-03-13 00:00:00',248,136,0,395),('C0077','2016-03-14 00:00:00',350,162,1,512),('C0077','2016-03-15 00:00:00',286,311,4,597),('C0077','2016-03-16 00:00:00',337,142,1,485),('C0077','2016-03-17 00:00:00',252,184,2,436),('C0077','2016-03-18 00:00:00',413,143,1,563),('C0077','2016-03-19 00:00:00',213,287,2,500),('C0077','2016-03-20 00:00:00',277,190,2,483),('C0077','2016-03-21 00:00:00',284,202,2,495),('C0077','2016-03-22 00:00:00',324,158,1,482),('C0077','2016-03-23 00:00:00',249,133,3,382),('C0077','2016-03-24 00:00:00',263,180,2,473),('C0077','2016-03-25 00:00:00',405,103,1,508),('C0077','2016-03-26 00:00:00',228,224,3,452),('C0077','2016-03-27 00:00:00',272,181,0,453),('C0077','2016-03-28 00:00:00',344,166,4,517),('C0077','2016-03-29 00:00:00',266,195,1,471),('C0077','2016-03-30 00:00:00',248,136,0,395),('C0077','2016-03-31 00:00:00',350,162,1,512),('C0077','2016-04-01 00:00:00',286,311,4,597),('C0077','2016-04-02 00:00:00',280,161,0,466),('C0077','2016-04-03 00:00:00',252,193,1,445),('C0077','2016-04-04 00:00:00',310,153,0,470),('C0077','2016-04-05 00:00:00',292,154,1,446),('C0077','2016-04-06 00:00:00',266,186,1,464),('C0077','2016-04-07 00:00:00',254,172,0,445),('C0077','2016-04-08 00:00:00',316,77,1,418),('C0077','2016-04-09 00:00:00',334,110,0,457),('C0077','2016-04-10 00:00:00',267,150,1,417),('C0077','2016-04-11 00:00:00',426,116,0,542),('C0077','2016-04-12 00:00:00',297,142,2,456),('C0077','2016-04-13 00:00:00',299,115,0,415),('C0077','2016-04-14 00:00:00',264,157,1,427),('C0077','2016-04-15 00:00:00',305,172,2,491),('C0077','2016-04-16 00:00:00',280,161,0,466),('C0077','2016-04-17 00:00:00',252,193,1,445),('C0077','2016-04-18 00:00:00',310,153,0,470),('C0077','2016-04-19 00:00:00',292,154,1,446),('C0077','2016-04-20 00:00:00',266,186,1,464),('C0077','2016-04-21 00:00:00',254,172,0,445),('C0077','2016-04-22 00:00:00',316,77,1,418),('C0077','2016-04-23 00:00:00',334,110,0,457),('C0077','2016-04-24 00:00:00',267,150,1,417),('C0077','2016-04-25 00:00:00',426,116,0,542),('C0077','2016-04-26 00:00:00',297,142,2,456),('C0077','2016-04-27 00:00:00',299,115,0,415),('C0077','2016-04-28 00:00:00',264,157,1,427),('C0077','2016-04-29 00:00:00',305,172,2,491),('C0077','2016-04-30 00:00:00',337,142,1,485),('C0077','2016-05-01 00:00:00',252,184,2,436),('C0077','2016-05-02 00:00:00',413,143,1,563),('C0077','2016-05-03 00:00:00',213,287,2,500),('C0077','2016-05-04 00:00:00',277,190,2,483),('C0077','2016-05-05 00:00:00',284,202,2,495),('C0077','2016-05-06 00:00:00',324,158,1,482),('C0077','2016-05-07 00:00:00',249,133,3,382),('C0077','2016-05-08 00:00:00',263,180,2,473),('C0077','2016-05-09 00:00:00',405,103,1,508),('C0077','2016-05-10 00:00:00',228,224,3,452),('C0077','2016-05-11 00:00:00',272,181,0,453),('C0077','2016-05-12 00:00:00',344,166,4,517),('C0077','2016-05-13 00:00:00',266,195,1,471),('C0077','2016-05-14 00:00:00',248,136,0,395),('C0077','2016-05-15 00:00:00',350,162,1,512),('C0077','2016-05-16 00:00:00',286,311,4,597),('C0077','2016-05-17 00:00:00',337,142,1,485),('C0077','2016-05-18 00:00:00',252,184,2,436),('C0077','2016-05-19 00:00:00',413,143,1,563),('C0077','2016-05-20 00:00:00',213,287,2,500),('C0077','2016-05-21 00:00:00',277,190,2,483),('C0077','2016-05-22 00:00:00',284,202,2,495),('C0077','2016-05-23 00:00:00',324,158,1,482),('C0077','2016-05-24 00:00:00',249,133,3,382),('C0077','2016-05-25 00:00:00',263,180,2,473),('C0077','2016-05-26 00:00:00',405,103,1,508),('C0077','2016-05-27 00:00:00',228,224,3,452),('C0077','2016-05-28 00:00:00',272,181,0,453),('C0077','2016-05-29 00:00:00',344,166,4,517),('C0077','2016-05-30 00:00:00',266,195,1,471),('C0077','2016-05-31 00:00:00',248,136,0,395),('C0077','2016-06-01 00:00:00',350,162,1,512),('C0077','2016-06-02 00:00:00',286,311,4,597),('C0077','2016-06-03 00:00:00',280,161,0,466),('C0077','2016-06-04 00:00:00',252,193,1,445),('C0077','2016-06-05 00:00:00',310,153,0,470),('C0077','2016-06-06 00:00:00',292,154,1,446),('C0077','2016-06-07 00:00:00',266,186,1,464),('C0077','2016-06-08 00:00:00',254,172,0,445),('C0077','2016-06-09 00:00:00',316,77,1,418),('C0077','2016-06-10 00:00:00',334,110,0,457),('C0077','2016-06-11 00:00:00',267,150,1,417),('C0077','2016-06-12 00:00:00',426,116,0,542),('C0077','2016-06-13 00:00:00',297,142,2,456),('C0077','2016-06-14 00:00:00',299,115,0,415),('C0077','2016-06-15 00:00:00',264,157,1,427),('C0077','2016-06-16 00:00:00',305,172,2,491),('C0077','2016-06-17 00:00:00',280,161,0,466),('C0077','2016-06-18 00:00:00',252,193,1,445),('C0077','2016-06-19 00:00:00',310,153,0,470),('C0077','2016-06-20 00:00:00',292,154,1,446),('C0077','2016-06-21 00:00:00',266,186,1,464),('C0077','2016-06-22 00:00:00',254,172,0,445),('C0077','2016-06-23 00:00:00',316,77,1,418),('C0077','2016-06-24 00:00:00',334,110,0,457),('C0077','2016-06-25 00:00:00',267,150,1,417),('C0077','2016-06-26 00:00:00',426,116,0,542),('C0077','2016-06-27 00:00:00',297,142,2,456),('C0077','2016-06-28 00:00:00',299,115,0,415),('C0077','2016-06-29 00:00:00',264,157,1,427),('C0077','2016-06-30 00:00:00',305,172,2,491),('C0077','2016-07-01 00:00:00',337,142,1,485),('C0077','2016-07-02 00:00:00',252,184,2,436),('C0077','2016-07-03 00:00:00',413,143,1,563),('C0077','2016-07-04 00:00:00',213,287,2,500),('C0077','2016-07-05 00:00:00',277,190,2,483),('C0077','2016-07-06 00:00:00',284,202,2,495),('C0077','2016-07-07 00:00:00',324,158,1,482),('C0077','2016-07-08 00:00:00',249,133,3,382),('C0077','2016-07-09 00:00:00',263,180,2,473),('C0077','2016-07-10 00:00:00',405,103,1,508),('C0077','2016-07-11 00:00:00',228,224,3,452),('C0077','2016-07-12 00:00:00',272,181,0,453),('C0077','2016-07-13 00:00:00',344,166,4,517),('C0077','2016-07-14 00:00:00',266,195,1,471),('C0077','2016-07-15 00:00:00',248,136,0,395),('C0077','2016-07-16 00:00:00',350,162,1,512),('C0077','2016-07-17 00:00:00',286,311,4,597),('C0077','2016-07-18 00:00:00',337,142,1,485),('C0077','2016-07-19 00:00:00',252,184,2,436),('C0077','2016-07-20 00:00:00',413,143,1,563),('C0077','2016-07-21 00:00:00',213,287,2,500),('C0077','2016-07-22 00:00:00',277,190,2,483),('C0077','2016-07-23 00:00:00',284,202,2,495),('C0077','2016-07-24 00:00:00',324,158,1,482),('C0077','2016-07-25 00:00:00',249,133,3,382),('C0077','2016-07-26 00:00:00',263,180,2,473),('C0077','2016-07-27 00:00:00',405,103,1,508),('C0077','2016-07-28 00:00:00',228,224,3,452),('C0077','2016-07-29 00:00:00',272,181,0,453),('C0077','2016-07-30 00:00:00',344,166,4,517),('C0077','2016-07-31 00:00:00',266,195,1,471),('C0077','2016-08-01 00:00:00',248,136,0,395),('C0077','2016-08-02 00:00:00',350,162,1,512),('C0077','2016-08-03 00:00:00',286,311,4,597),('C0077','2016-08-04 00:00:00',280,161,0,466),('C0077','2016-08-05 00:00:00',252,193,1,445),('C0077','2016-08-06 00:00:00',310,153,0,470),('C0077','2016-08-07 00:00:00',292,154,1,446),('C0077','2016-08-08 00:00:00',266,186,1,464),('C0077','2016-08-09 00:00:00',254,172,0,445),('C0077','2016-08-10 00:00:00',316,77,1,418),('C0077','2016-08-11 00:00:00',334,110,0,457),('C0077','2016-08-12 00:00:00',267,150,1,417),('C0077','2016-08-13 00:00:00',426,116,0,542),('C0077','2016-08-14 00:00:00',297,142,2,456),('C0077','2016-08-15 00:00:00',299,115,0,415),('C0077','2016-08-16 00:00:00',264,157,1,427),('C0077','2016-08-17 00:00:00',305,172,2,491),('C0077','2016-08-18 00:00:00',280,161,0,466),('C0077','2016-08-19 00:00:00',252,193,1,445),('C0077','2016-08-20 00:00:00',310,153,0,470),('C0077','2016-08-21 00:00:00',292,154,1,446),('C0077','2016-08-22 00:00:00',266,186,1,464),('C0077','2016-08-23 00:00:00',254,172,0,445),('C0077','2016-08-24 00:00:00',316,77,1,418),('C0077','2016-08-25 00:00:00',334,110,0,457),('C0077','2016-08-26 00:00:00',267,150,1,417),('C0077','2016-08-27 00:00:00',426,116,0,542),('C0077','2016-08-28 00:00:00',297,142,2,456),('C0077','2016-08-29 00:00:00',299,115,0,415),('C0077','2016-08-30 00:00:00',264,157,1,427),('C0077','2016-08-31 00:00:00',305,172,2,491),('C0077','2016-09-01 00:00:00',337,142,1,485),('C0077','2016-09-02 00:00:00',252,184,2,436),('C0077','2016-09-03 00:00:00',413,143,1,563),('C0077','2016-09-04 00:00:00',213,287,2,500),('C0077','2016-09-05 00:00:00',277,190,2,483),('C0077','2016-09-06 00:00:00',284,202,2,495),('C0077','2016-09-07 00:00:00',324,158,1,482),('C0077','2016-09-08 00:00:00',249,133,3,382),('C0077','2016-09-09 00:00:00',263,180,2,473),('C0077','2016-09-10 00:00:00',405,103,1,508),('C0077','2016-09-11 00:00:00',228,224,3,452),('C0077','2016-09-12 00:00:00',272,181,0,453),('C0077','2016-09-13 00:00:00',344,166,4,517),('C0077','2016-09-14 00:00:00',266,195,1,471),('C0077','2016-09-15 00:00:00',248,136,0,395),('C0077','2016-09-16 00:00:00',350,162,1,512),('C0077','2016-09-17 00:00:00',286,311,4,597),('C0077','2016-09-18 00:00:00',337,142,1,485),('C0077','2016-09-19 00:00:00',252,184,2,436),('C0077','2016-09-20 00:00:00',413,143,1,563),('C0077','2016-09-21 00:00:00',213,287,2,500),('C0077','2016-09-22 00:00:00',277,190,2,483),('C0077','2016-09-23 00:00:00',284,202,2,495),('C0077','2016-09-24 00:00:00',324,158,1,482),('C0077','2016-09-25 00:00:00',249,133,3,382),('C0077','2016-09-26 00:00:00',263,180,2,473),('C0077','2016-09-27 00:00:00',405,103,1,508),('C0077','2016-09-28 00:00:00',228,224,3,452),('C0077','2016-09-29 00:00:00',272,181,0,453),('C0077','2016-09-30 00:00:00',344,166,4,517),('C0077','2016-10-01 00:00:00',266,195,1,471),('C0077','2016-10-02 00:00:00',248,136,0,395),('C0077','2016-10-03 00:00:00',350,162,1,512),('C0077','2016-10-04 00:00:00',286,311,4,597),('C0077','2016-10-05 00:00:00',280,161,0,466),('C0077','2016-10-06 00:00:00',252,193,1,445),('C0077','2016-10-07 00:00:00',310,153,0,470),('C0077','2016-10-08 00:00:00',292,154,1,446),('C0077','2016-10-09 00:00:00',266,186,1,464),('C0077','2016-10-10 00:00:00',254,172,0,445),('C0077','2016-10-11 00:00:00',316,77,1,418),('C0077','2016-10-12 00:00:00',334,110,0,457),('C0077','2016-10-13 00:00:00',267,150,1,417),('C0077','2016-10-14 00:00:00',426,116,0,542),('C0077','2016-10-15 00:00:00',297,142,2,456),('C0090','2016-07-15 00:00:00',337,142,1,485),('C0090','2016-07-16 00:00:00',252,184,2,436),('C0090','2016-07-17 00:00:00',413,143,1,563),('C0090','2016-07-18 00:00:00',213,287,2,500),('C0090','2016-07-19 00:00:00',277,190,2,483),('C0090','2016-07-20 00:00:00',284,202,2,495),('C0090','2016-07-21 00:00:00',324,158,1,482),('C0090','2016-07-22 00:00:00',249,133,3,382),('C0090','2016-07-23 00:00:00',263,180,2,473),('C0090','2016-07-24 00:00:00',405,103,1,508),('C0090','2016-07-25 00:00:00',228,224,3,452),('C0090','2016-07-26 00:00:00',272,181,0,453),('C0090','2016-07-27 00:00:00',344,166,4,517),('C0090','2016-07-28 00:00:00',266,195,1,471),('C0090','2016-07-29 00:00:00',248,136,0,395),('C0090','2016-07-30 00:00:00',350,162,1,512),('C0090','2016-07-31 00:00:00',286,311,4,597),('C0090','2016-08-01 00:00:00',280,161,0,466),('C0090','2016-08-02 00:00:00',252,193,1,445),('C0090','2016-08-03 00:00:00',310,153,0,470),('C0090','2016-08-04 00:00:00',292,154,1,446),('C0090','2016-08-05 00:00:00',266,186,1,464),('C0090','2016-08-06 00:00:00',254,172,0,445),('C0090','2016-08-07 00:00:00',316,77,1,418),('C0090','2016-08-08 00:00:00',334,110,0,457),('C0090','2016-08-09 00:00:00',267,150,1,417),('C0090','2016-08-10 00:00:00',426,116,0,542),('C0090','2016-08-11 00:00:00',297,142,2,456),('C0090','2016-08-12 00:00:00',299,115,0,415),('C0090','2016-08-13 00:00:00',264,157,1,427),('C0090','2016-08-14 00:00:00',305,172,2,491);
/*!40000 ALTER TABLE `tfsleep` ENABLE KEYS */;
UNLOCK TABLES;

--
-- Dumping data for table `tibdocreading`
--

LOCK TABLES `tibdocreading` WRITE;
/*!40000 ALTER TABLE `tibdocreading` DISABLE KEYS */;
INSERT INTO `tibdocreading` VALUES ('C0077',795.8,'2015-12-14 00:00:00'),('C0077',447,'2016-03-22 00:00:00'),('C0077',895,'2016-06-13 00:00:00'),('C0077',870,'2016-09-14 00:00:00'),('C0085',384.2,'2015-09-03 00:00:00'),('C0089',37,'2016-03-06 00:00:00'),('C0089',45,'2016-06-03 00:00:00'),('C0089',0,'2016-09-09 00:00:00'),('C0090',209.1,'2015-09-21 00:00:00'),('C0090',96.6,'2015-12-12 00:00:00'),('C0090',63,'2016-03-18 00:00:00'),('C0090',327,'2016-06-21 00:00:00'),('C0090',63,'2016-09-21 00:00:00'),('C0096',287,'2015-08-20 00:00:00'),('C0096',48,'2015-11-19 00:00:00'),('C0096',67,'2016-05-22 00:00:00'),('C0098',1076.48,'2015-08-25 00:00:00'),('C0098',316.1,'2015-12-05 00:00:00'),('C0098',211,'2016-02-27 00:00:00'),('C0098',90,'2016-05-25 00:00:00'),('C0107',30,'2015-09-24 00:00:00'),('C0107',40,'2016-02-22 00:00:00'),('C0107',500,'2016-05-14 00:00:00'),('C0107',150,'2016-08-16 00:00:00'),('C0109',187,'2016-03-31 00:00:00'),('C0109',423,'2016-06-30 00:00:00'),('C0109',375,'2016-10-02 00:00:00'),('C0112',50,'2016-08-29 00:00:00'),('C0114',829,'2015-10-22 00:00:00'),('C0114',331.8,'2016-01-22 00:00:00'),('C0114',496,'2016-04-30 00:00:00'),('C0114',829,'2016-07-31 00:00:00'),('S0039',503,'2016-03-05 00:00:00'),('S0039',589,'2016-05-28 00:00:00'),('S0039',475,'2016-08-29 00:00:00'),('S0047',0,'2015-10-19 00:00:00'),('S0047',0,'2016-01-19 00:00:00'),('S0047',47.1,'2016-04-08 00:00:00'),('S0047',0,'2016-07-11 00:00:00');
/*!40000 ALTER TABLE `tibdocreading` ENABLE KEYS */;
UNLOCK TABLES;

--
-- Dumping data for table `tresponder`
--

LOCK TABLES `tresponder` WRITE;
/*!40000 ALTER TABLE `tresponder` DISABLE KEYS */;
INSERT INTO `tresponder` VALUES ('A0010',2),('A0020',5),('C0077',5),('C0085',5),('C0089',2),('C0090',5),('C0096',2),('C0098',5),('C0107',2),('C0109',5),('C0112',2),('C0114',5),('S0039',5),('S0047',2);
/*!40000 ALTER TABLE `tresponder` ENABLE KEYS */;
UNLOCK TABLES;

--
-- Dumping data for table `tsurveyreshbi`
--

LOCK TABLES `tsurveyreshbi` WRITE;
/*!40000 ALTER TABLE `tsurveyreshbi` DISABLE KEYS */;
INSERT INTO `tsurveyreshbi` VALUES ('C0077','2015-12-14 00:00:00',1,0,0,0,0,0,0,0,0,0,0),('C0077','2016-01-10 00:00:00',1,1,0,0,0,0,0,0,0,0,0),('C0077','2016-02-15 00:00:00',1,2,0,0,0,0,0,0,0,0,0),('C0077','2016-03-22 00:00:00',1,2,1,0,0,0,0,1,0,0,0),('C0077','2016-04-20 00:00:00',2,2,3,0,0,0,0,0,0,0,0),('C0077','2016-05-14 00:00:00',2,2,5,0,0,0,0,0,0,0,0),('C0077','2016-06-13 00:00:00',2,1,8,0,0,0,0,0,0,0,0),('C0077','2016-09-25 00:00:00',1,2,4,0,1,0,1,0,0,0,0),('C0077','2016-10-15 00:00:00',1,1,2,0,0,0,0,0,0,0,0),('C0085','2015-09-03 00:00:00',4,2,1,0,1,0,0,0,1,0,0),('C0085','2015-10-05 00:00:00',3,2,1,0,1,0,0,0,0,0,0),('C0085','2015-11-07 00:00:00',2,1,1,0,0,0,0,0,0,0,0),('C0085','2015-12-10 00:00:00',1,0,1,0,0,0,0,0,0,0,0),('C0085','2016-01-07 00:00:00',2,1,2,0,0,0,0,0,0,0,0),('C0085','2016-02-19 00:00:00',3,2,6,1,0,1,1,0,0,0,0),('C0085','2016-03-15 00:00:00',3,3,5,1,1,1,1,0,0,0,0),('C0085','2016-04-12 00:00:00',2,2,3,1,0,0,1,1,0,0,0),('C0085','2016-05-14 00:00:00',2,2,4,0,0,0,1,1,0,0,0),('C0090','2015-09-21 00:00:00',3,3,0,2,1,0,0,0,0,0,0),('C0090','2015-10-19 00:00:00',1,1,0,1,1,0,0,0,0,0,0),('C0090','2015-11-05 00:00:00',0,1,0,0,1,0,0,0,0,0,0),('C0090','2015-12-12 00:00:00',0,1,0,0,1,0,0,0,0,0,0),('C0090','2016-01-20 00:00:00',0,0,0,0,1,0,0,0,0,0,0),('C0090','2016-02-10 00:00:00',1,1,0,0,1,0,0,0,0,0,0),('C0090','2016-03-18 00:00:00',2,0,0,0,1,0,0,0,0,0,0),('C0090','2016-04-16 00:00:00',1,0,0,0,1,0,0,0,0,0,0),('C0090','2016-05-15 00:00:00',1,0,0,0,1,0,0,0,0,0,0),('C0090','2016-06-21 00:00:00',1,0,0,0,1,0,0,0,0,0,0),('C0090','2016-07-14 00:00:00',1,0,0,0,1,0,0,0,0,0,0),('C0090','2016-08-20 00:00:00',1,1,1,0,1,0,0,0,0,0,0),('C0090','2016-09-21 00:00:00',1,1,1,0,1,0,0,0,0,0,0),('C0098','2015-08-25 00:00:00',1,0,2,0,1,0,0,0,0,0,0),('C0098','2015-09-20 00:00:00',0,0,2,0,1,0,0,0,0,0,0),('C0098','2015-10-22 00:00:00',1,0,2,0,0,0,0,0,0,0,0),('C0098','2015-11-15 00:00:00',1,0,2,0,1,0,0,0,0,0,0),('C0098','2015-12-01 00:00:00',2,1,4,0,0,0,0,0,0,0,0),('C0098','2015-12-05 00:00:00',2,1,6,0,0,0,0,0,0,0,0),('C0098','2015-12-15 00:00:00',2,1,3,0,1,0,0,0,0,0,0),('C0098','2016-02-27 00:00:00',1,1,2,0,1,0,0,0,0,0,0),('C0109','2016-03-31 00:00:00',0,1,1,0,0,0,0,0,0,0,0),('C0109','2016-06-30 00:00:00',0,1,1,0,0,0,0,0,0,0,0),('C0109','2016-10-02 00:00:00',1,1,1,0,0,0,0,0,0,1,0),('C0114','2015-10-22 00:00:00',1,0,0,0,0,0,0,0,0,0,0),('C0114','2016-01-22 00:00:00',0,0,0,0,0,0,0,0,0,0,0),('C0114','2016-04-30 00:00:00',0,0,1,0,0,0,0,0,0,0,0),('C0114','2016-07-31 00:00:00',1,0,1,0,1,1,0,0,0,0,0),('S0039','2016-03-05 00:00:00',1,0,0,0,0,0,0,0,0,0,0),('S0039','2016-05-28 00:00:00',1,0,0,0,0,0,0,0,0,0,0),('S0039','2016-08-29 00:00:00',0,0,0,0,0,0,0,0,0,0,0);
/*!40000 ALTER TABLE `tsurveyreshbi` ENABLE KEYS */;
UNLOCK TABLES;

--
-- Dumping data for table `tsurveyressccai`
--

LOCK TABLES `tsurveyressccai` WRITE;
/*!40000 ALTER TABLE `tsurveyressccai` DISABLE KEYS */;
INSERT INTO `tsurveyressccai` VALUES ('C0089','2016-03-06 00:00:00',0,0,0,0,0,0),('C0089','2016-04-10 00:00:00',0,0,0,0,0,0),('C0089','2016-05-05 00:00:00',0,0,0,0,0,0),('C0089','2016-06-22 00:00:00',0,0,0,0,0,0),('C0089','2016-07-15 00:00:00',0,0,0,0,0,0),('C0089','2016-08-16 00:00:00',0,0,0,0,1,0),('C0089','2016-09-09 00:00:00',0,0,0,0,1,1),('C0089','2016-10-22 00:00:00',0,0,0,0,0,0),('C0090','0000-00-00 00:00:00',0,0,0,0,0,0),('C0090','2016-12-25 00:00:00',0,0,0,0,0,0),('C0096','2015-08-20 00:00:00',0,0,0,0,0,0),('C0096','2015-09-15 00:00:00',0,0,0,0,0,0),('C0096','2015-10-21 00:00:00',0,0,0,0,0,0),('C0096','2015-11-19 00:00:00',0,0,0,0,0,0),('C0096','2016-02-17 00:00:00',0,0,0,0,0,0),('C0096','2016-03-16 00:00:00',0,0,0,0,0,0),('C0096','2016-05-22 00:00:00',0,0,0,0,0,0),('C0107','2015-08-22 00:00:00',0,0,0,0,0,1),('C0107','2015-09-24 00:00:00',0,0,1,0,1,1),('C0107','2015-10-20 00:00:00',0,0,1,0,1,1),('C0107','2015-11-25 00:00:00',0,0,1,0,0,1),('C0107','2015-12-27 00:00:00',0,0,1,1,1,1),('C0107','2016-01-15 00:00:00',0,0,1,1,0,1),('C0107','2016-02-22 00:00:00',0,0,0,0,0,1),('C0107','2016-03-15 00:00:00',0,0,1,0,0,1),('C0107','2016-04-17 00:00:00',0,0,1,0,1,1),('C0107','2016-05-14 00:00:00',0,0,1,0,1,1),('C0107','2016-06-10 00:00:00',1,1,2,2,2,0),('C0107','2016-06-20 00:00:00',1,1,2,3,2,0),('C0107','2016-07-15 00:00:00',0,0,1,1,1,1),('C0107','2016-08-16 00:00:00',0,0,1,0,1,0),('C0107','2016-09-13 00:00:00',0,0,1,1,1,0),('C0112','2016-08-29 00:00:00',0,0,0,0,0,1),('S0047','2015-10-19 00:00:00',0,0,1,0,1,0),('S0047','2016-01-19 00:00:00',0,0,0,0,0,0),('S0047','2016-04-08 00:00:00',0,0,0,0,0,0),('S0047','2016-07-11 00:00:00',0,0,0,0,1,0);
/*!40000 ALTER TABLE `tsurveyressccai` ENABLE KEYS */;
UNLOCK TABLES;
/*!40103 SET TIME_ZONE=@OLD_TIME_ZONE */;

/*!40101 SET SQL_MODE=@OLD_SQL_MODE */;
/*!40014 SET FOREIGN_KEY_CHECKS=@OLD_FOREIGN_KEY_CHECKS */;
/*!40014 SET UNIQUE_CHECKS=@OLD_UNIQUE_CHECKS */;
/*!40101 SET CHARACTER_SET_CLIENT=@OLD_CHARACTER_SET_CLIENT */;
/*!40101 SET CHARACTER_SET_RESULTS=@OLD_CHARACTER_SET_RESULTS */;
/*!40101 SET COLLATION_CONNECTION=@OLD_COLLATION_CONNECTION */;
/*!40111 SET SQL_NOTES=@OLD_SQL_NOTES */;

-- Dump completed on 2016-10-16 14:58:44
