-- MySQL dump 10.13  Distrib 5.7.12, for Win64 (x86_64)
--
-- Host: localhost    Database: hh_guts_public
-- ------------------------------------------------------
-- Server version	5.7.16-log

/*!40101 SET @OLD_CHARACTER_SET_CLIENT=@@CHARACTER_SET_CLIENT */;
/*!40101 SET @OLD_CHARACTER_SET_RESULTS=@@CHARACTER_SET_RESULTS */;
/*!40101 SET @OLD_COLLATION_CONNECTION=@@COLLATION_CONNECTION */;
/*!40101 SET NAMES utf8 */;
/*!40103 SET @OLD_TIME_ZONE=@@TIME_ZONE */;
/*!40103 SET TIME_ZONE='+00:00' */;
/*!40014 SET @OLD_UNIQUE_CHECKS=@@UNIQUE_CHECKS, UNIQUE_CHECKS=0 */;
/*!40014 SET @OLD_FOREIGN_KEY_CHECKS=@@FOREIGN_KEY_CHECKS, FOREIGN_KEY_CHECKS=0 */;
/*!40101 SET @OLD_SQL_MODE=@@SQL_MODE, SQL_MODE='NO_AUTO_VALUE_ON_ZERO' */;
/*!40111 SET @OLD_SQL_NOTES=@@SQL_NOTES, SQL_NOTES=0 */;

--
-- Dumping data for table `tibdocreading`
--

LOCK TABLES `tibdocreading` WRITE;
/*!40000 ALTER TABLE `tibdocreading` DISABLE KEYS */;
INSERT INTO `tibdocreading` VALUES ('C0077','795.8','2015-12-14 00:00:00'),('C0077','447','2016-03-22 00:00:00'),('C0077','895','2016-06-13 00:00:00'),('C0077','870','2016-09-14 00:00:00'),('C0090','209.1','2015-09-21 00:00:00'),('C0090','96.6','2015-12-12 00:00:00'),('C0090','63','2016-03-18 00:00:00'),('C0090','327','2016-06-21 00:00:00'),('C0090','63','2016-09-21 00:00:00'),('S0039','503','2016-03-05 00:00:00'),('S0039','589','2016-05-28 00:00:00'),('S0039','475','2016-08-29 00:00:00'),('S0047','0','2015-10-19 00:00:00'),('S0047','0','2016-01-19 00:00:00'),('S0047','47.1','2016-04-08 00:00:00'),('S0047','0','2016-07-11 00:00:00');
/*!40000 ALTER TABLE `tibdocreading` ENABLE KEYS */;
UNLOCK TABLES;

--
-- Dumping data for table `tresponder`
--

LOCK TABLES `tresponder` WRITE;
/*!40000 ALTER TABLE `tresponder` DISABLE KEYS */;
INSERT INTO `tresponder` VALUES ('C0077'),('C0090'),('S0039'),('S0047');
/*!40000 ALTER TABLE `tresponder` ENABLE KEYS */;
UNLOCK TABLES;

--
-- Dumping data for table `tsurveyreshbi`
--

LOCK TABLES `tsurveyreshbi` WRITE;
/*!40000 ALTER TABLE `tsurveyreshbi` DISABLE KEYS */;
INSERT INTO `tsurveyreshbi` VALUES ('C0077','2015-12-14 00:00:00',1,0,0,0,0,0,0,0,0,0,0),('C0077','2016-03-22 00:00:00',1,2,1,0,0,0,0,1,0,0,0),('C0077','2016-06-13 00:00:00',2,1,8,0,0,0,0,0,0,0,0),('C0077','2016-09-25 00:00:00',1,2,4,0,1,0,1,0,0,0,0),('C0090','2015-09-21 00:00:00',3,3,0,2,1,0,0,0,0,0,0),('C0090','2015-12-12 00:00:00',0,1,0,0,1,0,0,0,0,0,0),('C0090','2016-03-18 00:00:00',2,0,0,0,1,0,0,0,0,0,0),('C0090','2016-06-21 00:00:00',1,0,0,0,1,0,0,0,0,0,0),('C0090','2016-09-21 00:00:00',1,1,1,0,1,0,0,0,0,0,0),('S0039','2016-03-05 00:00:00',1,0,0,0,0,0,0,0,0,0,0),('S0039','2016-05-28 00:00:00',1,0,0,0,0,0,0,0,0,0,0),('S0039','2016-08-29 00:00:00',0,0,0,0,0,0,0,0,0,0,0);
/*!40000 ALTER TABLE `tsurveyreshbi` ENABLE KEYS */;
UNLOCK TABLES;

--
-- Dumping data for table `tsurveyressccai`
--

LOCK TABLES `tsurveyressccai` WRITE;
/*!40000 ALTER TABLE `tsurveyressccai` DISABLE KEYS */;
INSERT INTO `tsurveyressccai` VALUES ('S0047','2015-10-19 00:00:00',0,0,1,0,1,0),('S0047','2016-01-19 00:00:00',0,0,0,0,0,0),('S0047','2016-04-08 00:00:00',0,0,0,0,0,0),('S0047','2016-07-11 00:00:00',0,0,0,0,1,0);
/*!40000 ALTER TABLE `tsurveyressccai` ENABLE KEYS */;
UNLOCK TABLES;
/*!40103 SET TIME_ZONE=@OLD_TIME_ZONE */;

/*!40101 SET SQL_MODE=@OLD_SQL_MODE */;
/*!40014 SET FOREIGN_KEY_CHECKS=@OLD_FOREIGN_KEY_CHECKS */;
/*!40014 SET UNIQUE_CHECKS=@OLD_UNIQUE_CHECKS */;
/*!40101 SET CHARACTER_SET_CLIENT=@OLD_CHARACTER_SET_CLIENT */;
/*!40101 SET CHARACTER_SET_RESULTS=@OLD_CHARACTER_SET_RESULTS */;
/*!40101 SET COLLATION_CONNECTION=@OLD_COLLATION_CONNECTION */;
/*!40111 SET SQL_NOTES=@OLD_SQL_NOTES */;

-- Dump completed on 2016-10-15 15:09:55
